{
  "name": "Catppuccin Frappe",
  "dark": true,
  "author": "Catppuccin Org <releases@catppuccin.com>",
  "editorScheme": "/themes/frappe.xml",
  "colors": {
    "rosewater": "#F2D5CF",
    "flamingo": "#EEBEBE",
    "mauve": "#CA9EE6",
    "pink": "#F4B8E4",
    "maroon": "#EA999C",
    "red": "#E78284",
    "peach": "#EF9F76",
    "yellow": "#E5C890",
    "green": "#A6D189",
    "teal": "#81C8BE",
    "blue": "#8CAAEE",
    "sky": "#99D1DB",
    "sapphire": "#85C1DC",
    "lavender": "#BABBF1",
    "crust": "#232634",
    "mantle": "#292C3C",
    "base": "#303446",
    "surface0": "#414559",
    "surface1": "#51576D",
    "surface2": "#626880",
    "overlay0": "#737994",
    "overlay1": "#838BA7",
    "overlay2": "#949CBB",
    "text": "#C6D0F5",
    "subtext0": "#A5ADCE",
    "subtext1": "#B5BFE2",
    "accentColor": "#CA9EE6",
    "secondaryAccentColor": "#E5C890",
    "primaryForeground": "#C6D0F5",
    "primaryBackground": "#303446",
    "secondaryBackground": "#414559",
    "panelBackground": "#292C3C",
    "hoverBackground": "#414559",
    "selectionBackground": "#414559",
    "selectionInactiveBackground": "#303446",
    "borderColor": "#303446",
    "separatorColor": "#414559"
  },
  "ui": {
    "*": {
      "arc": "7",
      "background": "primaryBackground",
      "borderColor": "borderColor",
      "disabledBackground": "primaryBackground",
      "foreground": "primaryForeground",
      "inactiveBackground": "primaryBackground",
      "selectionBackground": "selectionBackground",
      "selectionForeground": "primaryForeground",
      "selectionInactiveBackground": "selectionInactiveBackground",
      "selectionInactiveForeground": "primaryForeground",
      "separatorColor": "separatorColor"
    },
    "ActionButton": {
      "hoverBackground": "hoverBackground",
      "hoverBorderColor": "hoverBackground",
      "pressedBackground": "selectionBackground",
      "pressedBorderColor": "selectionBackground"
    },
    "Banner": {
      "errorBackground": "#423c4c",
      "errorBorderColor": "#4b404f",
      "errorForeground": "primaryForeground",
      "informativeBackground": "#394057",
      "informativeBorderColor": "#3e465f",
      "informativeForeground": "primaryForeground",
      "warningBackground": "#433f4b",
      "warningBorderColor": "#4d444d",
      "warningForeground": "primaryForeground"
    },
    "Bookmark": {
      "Mnemonic": {
        "iconBackground": "secondaryBackground",
        "iconBorderColor": "accentColor",
        "iconForeground": "primaryForeground"
      },
      "MnemonicAssigned": {
        "background": "secondaryBackground",
        "borderColor": "secondaryAccentColor",
        "foreground": "primaryForeground"
      },
      "MnemonicAvailable": {},
      "MnemonicCurrent": {
        "background": "selectionBackground",
        "borderColor": "accentColor",
        "foreground": "primaryForeground"
      },
      "iconBackground": "accentColor"
    },
    "Borders": {
      "ContrastBorderColor": "separatorColor",
      "color": "borderColor"
    },
    "Button": {
      "background": "panelBackground",
      "default": {
        "endBackground": "accentColor",
        "endBorderColor": "accentColor",
        "focusColor": "accentColor",
        "focusedBorderColor": "accentColor",
        "foreground": "crust",
        "startBackground": "accentColor",
        "startBorderColor": "accentColor"
      },
      "disabledBorderColor": "secondaryBackground",
      "endBackground": "secondaryBackground",
      "endBorderColor": "secondaryBackground",
      "focusedBorderColor": "secondaryBackground",
      "foreground": "primaryForeground",
      "startBackground": "secondaryBackground",
      "startBorderColor": "secondaryBackground"
    },
    "CheckBox": {
      "background": "panelBackground"
    },
    "ComboBox": {
      "ArrowButton": {
        "background": "secondaryBackground",
        "disabledIconColor": "lavender",
        "iconColor": "accentColor",
        "nonEditableBackground": "secondaryBackground"
      },
      "modifiedItemForeground": "accentColor",
      "nonEditableBackground": "secondaryBackground",
      "selectionBackground": "selectionBackground"
    },
    "CompletionPopup": {
      "matchForeground": "accentColor",
      "selectionBackground": "surface1",
      "selectionInactiveBackground": "surface1"
    },
    "Component": {
      "borderColor": "borderColor",
      "disabledBorderColor": "selectionBackground",
      "errorFocusColor": "red",
      "focusColor": "accentColor",
      "focusedBorderColor": "selectionBackground",
      "iconColor": "primaryForeground",
      "inactiveErrorFocusColor": "red",
      "inactiveWarningFocusColor": "yellow",
      "warningFocusColor": "yellow",
      "infoForeground": "subtext0"
    },
    "Counter": {
      "background": "accentColor",
      "foreground": "primaryBackground"
    },
    "DefaultTabs": {
      "background": "panelBackground",
      "hoverBackground": "primaryBackground",
      "underlinedTabBackground": "panelBackground"
    },
    "DragAndDrop": {
      "borderColor": "selectionBackground"
    },
    "Editor": {
      "Toolbar": {
        "borderColor": "separatorColor"
      },
      "background": "primaryBackground",
      "shortcutForeground": "accentColor"
    },
    "EditorPane": {
      "splitBorder": "separatorColor"
    },
    "EditorTabs": {
      "background": "primaryBackground",
      "hoverBackground": "primaryBackground",
      "inactiveHoverBackground": "red",
      "inactiveUnderlineColor": "lavender",
      "underTabsBorderColor": "separatorColor",
      "underlineArc": 4,
      "underlineColor": "accentColor",
      "underlineHeight": 1,
      "underlinedTabBackground": "panelBackground",
      "unselectedBlend": 0.7
    },
    "FileColor": {
      "Blue": "#424c68",
      "Green": "#485353",
      "Orange": "#564950",
      "Rose": "#554452",
      "Violet": "#4c4f68",
      "Yellow": "#545255"
    },
    "Label": {
      "background": "panelBackground",
      "selectedForeground": "selectionBackground"
    },
    "Link": {
      "activeForeground": "accentColor",
      "hoverForeground": "accentColor",
      "pressedForeground": "secondaryAccentColor",
      "visitedForeground": "secondaryAccentColor"
    },
    "List": {
      "Button": {
        "leftRightInset": 8,
        "separatorInset": 4
      },
      "background": "panelBackground",
      "border": "4,0,4,0",
      "hoverBackground": "hoverBackground",
      "rowHeight": "24",
      "selectionInactiveBackground": "#303446"
    },
    "MainToolbar": {
      "Dropdown": {
        "hoverBackground": "hoverBackground",
        "maxWidth": 350,
        "pressedBackground": "hoverBackground"
      },
      "Icon": {
        "hoverBackground": "hoverBackground",
        "insets": "5,5,5,5",
        "pressedBackground": "hoverBackground"
      },
      "background": "crust",
      "inactiveBackground": "panelBackground"
    },
    "MainWindow": {
      "Tab": {
        "background": "panelBackground",
        "borderColor": "panelBackground",
        "foreground": "#7b829e",
        "hoverBackground": "#2b2e3f",
        "hoverForeground": "#7b829e",
        "selectedBackground": "primaryBackground",
        "selectedForeground": "primaryForeground",
        "selectedInactiveBackground": "panelBackground",
        "separatorColor": "panelBackground"
      }
    },
    "MemoryIndicator": {
      "allocatedBackground": "surface0",
      "usedBackground": "surface1"
    },
    "Notification": {
      "ToolWindow": {
        "errorBackground": "primaryBackground",
        "errorBorderColor": "red",
        "errorForeground": "primaryForeground",
        "informativeBackground": "primaryBackground",
        "informativeBorderColor": "secondaryAccentColor",
        "informativeForeground": "primaryForeground",
        "warningBackground": "primaryBackground",
        "warningBorderColor": "peach",
        "warningForeground": "primaryForeground"
      },
      "background": "panelBackground",
      "borderColor": "borderColor",
      "errorBackground": "primaryBackground",
      "errorBorderColor": "red",
      "errorForeground": "primaryForeground"
    },
    "NotificationsToolwindow": {
      "newNotification": {
        "background": "primaryBackground",
        "hoverBackground": "hoverBackground"
      }
    },
    "Panel": {
      "background": "panelBackground"
    },
    "PasswordField": {
      "background": "secondaryBackground"
    },
    "Plugins": {
      "Button": {
        "installBackground": "primaryBackground",
        "installBorderColor": "secondaryAccentColor",
        "installFillBackground": "secondaryAccentColor",
        "installFillForeground": "primaryBackground",
        "installFocusedBackground": "primaryBackground",
        "installForeground": "secondaryAccentColor",
        "updateBackground": "accentColor",
        "updateBorderColor": "accentColor",
        "updateForeground": "primaryBackground"
      },
      "SearchField": {
        "background": "panelBackground"
      },
      "SectionHeader": {
        "foreground": "primaryForeground"
      },
      "Tab": {
        "hoverBackground": "hoverBackground",
        "selectedBackground": "selectionBackground",
        "selectedForeground": "primaryForeground"
      },
      "borderColor": "borderColor",
      "hoverBackground": "hoverBackground",
      "lightSelectionBackground": "selectionBackground",
      "tagBackground": "panelBackground"
    },
    "Popup": {
      "Advertiser": {
        "background": "panelBackground",
        "fontSizeOffset": -1,
        "foreground": "text"
      },
      "Header": {
        "activeBackground": "panelBackground",
        "inactiveBackground": "panelBackground"
      },
      "borderColor": "separatorColor",
      "borderWidth": 1,
      "inactiveBorderColor": "separatorColor",
      "paintBorder": true
    },
    "ProgressBar": {
      "failedColor": "red",
      "failedEndColor": "maroon",
      "indeterminateEndColor": "secondaryAccentColor",
      "indeterminateStartColor": "accentColor",
      "passedColor": "green",
      "passedEndColor": "teal",
      "progressColor": "accentColor",
      "trackColor": "selectionBackground"
    },
    "RadioButton": {
      "background": "panelBackground"
    },
    "RunWidget": {
      "background": "secondaryBackground",
      "foreground": "text",
      "iconColor": "primaryForeground",
      "pressedBackground": "green",
      "separatorColor": "separatorColor",
      "stopBackground": "red"
    },
    "ScrollBar": {
      "Mac": {
        "Transparent": {
          "hoverThumbColor": "secondaryAccentColor"
        },
        "hoverThumbColor": "secondaryAccentColor"
      }
    },
    "SearchEverywhere": {
      "SearchField": {
        "background": "secondaryBackground"
      },
      "Tab": {
        "selectedBackground": "secondaryBackground",
        "selectedForeground": "primaryForeground"
      }
    },
    "SearchMatch": {
      "endBackground": "#CA9EE6",
      "startBackground": "#CA9EE6"
    },
    "SegmentedButton": {
      "focusedSelectedButtonColor": "secondaryBackground",
      "selectedButtonColor": "secondaryBackground",
      "selectedEndBorderColor": "secondaryBackground",
      "selectedStartBorderColor": "secondaryBackground"
    },
    "Separator": {
      "separatorColor": "separatorColor"
    },
    "SidePanel": {
      "background": "panelBackground"
    },
    "Slider": {
      "background": "panelBackground"
    },
    "StatusBar": {
      "Breadcrumbs": {
        "chevronInset": 0
      },
      "background": "panelBackground",
      "borderColor": "borderColor",
      "hoverBackground": "hoverBackground"
    },
    "TabbedPane": {
      "background": "panelBackground",
      "contentAreaColor": "borderColor",
      "focusColor": "selectionBackground",
      "hoverColor": "hoverBackground",
      "tabHeight": 40,
      "tabSelectionArc": 4,
      "tabSelectionHeight": 1,
      "underlineColor": "accentColor"
    },
    "Table": {
      "gridColor": "hoverBackground",
      "hoverBackground": "selectionBackground",
      "lightSelectionBackground": "secondaryBackground"
    },
    "TableHeader": {
      "bottomSeparatorColor": "primaryBackground"
    },
    "TextArea": {
      "background": "panelBackground"
    },
    "TextField": {
      "background": "secondaryBackground",
      "selectionBackground": "#626880"
    },
    "ToggleButton": {
      "buttonColor": "primaryForeground",
      "offBackground": "selectionBackground",
      "offForeground": "hoverBackground",
      "onBackground": "green",
      "onForeground": "hoverBackground"
    },
    "ToolBar": {
      "background": "panelBackground",
      "borderHandleColor": "secondaryAccentColor"
    },
    "ToolWindow": {
      "Button": {
        "hoverBackground": "hoverBackground",
        "selectedBackground": "hoverBackground",
        "selectedForeground": "primaryForeground"
      },
      "Header": {
        "background": "panelBackground",
        "borderColor": "borderColor",
        "inactiveBackground": "panelBackground"
      },
      "HeaderTab": {
        "hoverBackground": "surface0",
        "inactiveUnderlineColor": "text",
        "underlineColor": "accentColor",
        "underlineHeight": 1
      },
      "background": "panelBackground"
    },
    "Tree": {
      "background": "panelBackground",
      "border": "4,12,4,12",
      "foreground": "primaryForeground",
      "hoverBackground": "hoverBackground",
      "modifiedItemForeground": "accentColor",
      "rowHeight": 24,
      "selectionBackground": "selectionBackground",
      "selectionInactiveBackground": "selectionBackground"
    },
    "UiDesigner": {
      "Panel.background": "panelBackground",
      "Preview.background": "panelBackground"
    },
    "ValidationTooltip": {
      "errorBackground": "panelBackground",
      "errorBorderColor": "red",
      "warningBackground": "panelBackground",
      "warningBorderColor": "secondaryAccentColor"
    },
    "VersionControl": {
      "FileHistory": {
        "Commit": {
          "selectedBranchBackground": "secondaryBackground"
        }
      },
      "GitLog": {
        "headIconColor": "secondaryAccentColor",
        "localBranchIconColor": "green",
        "otherIconColor": "teal",
        "remoteBranchIconColor": "secondaryAccentColor",
        "tagIconColor": "accentColor"
      },
      "Log": {
        "Commit": {
          "currentBranchBackground": "panelBackground",
          "hoveredBackground": "hoverBackground",
          "selectionInactiveBackground": "selectionInactiveBackground"
        }
      },
      "RefLabel": {
        "foreground": "primaryForeground"
      }
    },
    "WelcomeScreen": {
      "Projects": {
        "actions": {
          "background": "hoverBackground"
        },
        "background": "hoverBackground",
        "selectionBackground": "secondaryBackground",
        "selectionInactiveBackground": "secondaryBackground"
      },
      "SidePanel": {
        "background": "panelBackground"
      },
      "separatorColor": "separatorColor"
    }
  },
  "icons": {
    "ColorPalette": {
      "Actions.Blue": "#8CAAEE",
      "Actions.Green": "#A6D189",
      "Actions.Grey": "#737994",
      "Actions.GreyInline": "#8CAAEE",
      "Actions.GreyInline.Dark": "#8CAAEE",
      "Actions.Red": "#E78284",
      "Actions.Yellow": "#E5C890",
      "Objects.BlackText": "#414559",
      "Objects.Blue": "#8CAAEE",
      "Objects.Green": "#A6D189",
      "Objects.Grey": "#737994",
      "Objects.Pink": "#F4B8E4",
      "Objects.Purple": "#CA9EE6",
      "Objects.Red": "#E78284",
      "Objects.RedStatus": "#E78284",
      "Objects.Yellow": "#E5C890",
      "Objects.YellowDark": "#EEBEBE",
      "Checkbox.Background.Default": "#414559",
      "Checkbox.Background.Default.Dark": "#414559",
      "Checkbox.Background.Disabled": "#414559",
      "Checkbox.Background.Disabled.Dark": "#414559",
      "Checkbox.Background.Selected": "#737994",
      "Checkbox.Background.Selected.Dark": "#51576D",
      "Checkbox.Border.Default": "#414559",
      "Checkbox.Border.Disabled": "#414559",
      "Checkbox.Border.Selected": "#414559",
      "Checkbox.Foreground.Disabled": "#737994",
      "Checkbox.Foreground.Disabled.Dark": "#737994",
      "Checkbox.Foreground.Selected": "#CA9EE6",
      "Checkbox.Foreground.Selected.Dark": "#CA9EE6",
      "Tree.iconColor": "#C6D0F5"
    }
  }
}