{
  "name": "Catppuccin Latte",
  "dark": false,
  "author": "Catppuccin Org <releases@catppuccin.com>",
  "editorScheme": "/themes/latte.xml",
  "colors": {
    "rosewater": "#DC8A78",
    "flamingo": "#DD7878",
    "mauve": "#8839EF",
    "pink": "#EA76CB",
    "maroon": "#E64553",
    "red": "#D20F39",
    "peach": "#FE640B",
    "yellow": "#DF8E1D",
    "green": "#40A02B",
    "teal": "#179299",
    "blue": "#1E66F5",
    "sky": "#04A5E5",
    "sapphire": "#209FB5",
    "lavender": "#7287FD",
    "crust": "#DCE0E8",
    "mantle": "#E6E9EF",
    "base": "#EFF1F5",
    "surface0": "#CCD0DA",
    "surface1": "#BCC0CC",
    "surface2": "#ACB0BE",
    "overlay0": "#9CA0B0",
    "overlay1": "#8C8FA1",
    "overlay2": "#7C7F93",
    "text": "#4C4F69",
    "subtext0": "#6C6F85",
    "subtext1": "#5C5F77",
    "accentColor": "#8839EF",
    "secondaryAccentColor": "#DF8E1D",
    "primaryForeground": "#4C4F69",
    "primaryBackground": "#EFF1F5",
    "secondaryBackground": "#CCD0DA",
    "panelBackground": "#E6E9EF",
    "hoverBackground": "#CCD0DA",
    "selectionBackground": "#CCD0DA",
    "selectionInactiveBackground": "#EFF1F5",
    "borderColor": "#DCE0E8",
    "separatorColor": "#CCD0DA"
  },
  "ui": {
    "*": {
      "arc": "7",
      "background": "primaryBackground",
      "borderColor": "borderColor",
      "disabledBackground": "primaryBackground",
      "foreground": "primaryForeground",
      "inactiveBackground": "primaryBackground",
      "selectionBackground": "selectionBackground",
      "selectionForeground": "primaryForeground",
      "selectionInactiveBackground": "selectionInactiveBackground",
      "selectionInactiveForeground": "primaryForeground",
      "separatorColor": "separatorColor"
    },
    "ActionButton": {
      "hoverBackground": "hoverBackground",
      "hoverBorderColor": "hoverBackground",
      "pressedBackground": "selectionBackground",
      "pressedBorderColor": "selectionBackground"
    },
    "Banner": {
      "errorBackground": "#ecdae2",
      "errorBorderColor": "#ebcfd9",
      "errorForeground": "primaryForeground",
      "informativeBackground": "#dae3f5",
      "informativeBorderColor": "#d0dcf5",
      "informativeForeground": "primaryForeground",
      "warningBackground": "#f1e3de",
      "warningBorderColor": "#f1dcd2",
      "warningForeground": "primaryForeground"
    },
    "Bookmark": {
      "Mnemonic": {
        "iconBackground": "secondaryBackground",
        "iconBorderColor": "accentColor",
        "iconForeground": "primaryForeground"
      },
      "MnemonicAssigned": {
        "background": "secondaryBackground",
        "borderColor": "secondaryAccentColor",
        "foreground": "primaryForeground"
      },
      "MnemonicAvailable": {},
      "MnemonicCurrent": {
        "background": "selectionBackground",
        "borderColor": "accentColor",
        "foreground": "primaryForeground"
      },
      "iconBackground": "accentColor"
    },
    "Borders": {
      "ContrastBorderColor": "separatorColor",
      "color": "borderColor"
    },
    "Button": {
      "background": "panelBackground",
      "default": {
        "endBackground": "accentColor",
        "endBorderColor": "accentColor",
        "focusColor": "accentColor",
        "focusedBorderColor": "accentColor",
        "foreground": "crust",
        "startBackground": "accentColor",
        "startBorderColor": "accentColor"
      },
      "disabledBorderColor": "secondaryBackground",
      "endBackground": "secondaryBackground",
      "endBorderColor": "secondaryBackground",
      "focusedBorderColor": "secondaryBackground",
      "foreground": "primaryForeground",
      "startBackground": "secondaryBackground",
      "startBorderColor": "secondaryBackground"
    },
    "CheckBox": {
      "background": "panelBackground"
    },
    "ComboBox": {
      "ArrowButton": {
        "background": "secondaryBackground",
        "disabledIconColor": "lavender",
        "iconColor": "accentColor",
        "nonEditableBackground": "secondaryBackground"
      },
      "modifiedItemForeground": "accentColor",
      "nonEditableBackground": "secondaryBackground",
      "selectionBackground": "selectionBackground"
    },
    "CompletionPopup": {
      "matchForeground": "accentColor",
      "selectionBackground": "surface1",
      "selectionInactiveBackground": "surface1"
    },
    "Component": {
      "borderColor": "borderColor",
      "disabledBorderColor": "selectionBackground",
      "errorFocusColor": "red",
      "focusColor": "accentColor",
      "focusedBorderColor": "selectionBackground",
      "iconColor": "primaryForeground",
      "inactiveErrorFocusColor": "red",
      "inactiveWarningFocusColor": "yellow",
      "warningFocusColor": "yellow",
      "infoForeground": "subtext0"
    },
    "Counter": {
      "background": "accentColor",
      "foreground": "primaryBackground"
    },
    "DefaultTabs": {
      "background": "panelBackground",
      "hoverBackground": "primaryBackground",
      "underlinedTabBackground": "panelBackground"
    },
    "DragAndDrop": {
      "borderColor": "selectionBackground"
    },
    "Editor": {
      "Toolbar": {
        "borderColor": "separatorColor"
      },
      "background": "primaryBackground",
      "shortcutForeground": "accentColor"
    },
    "EditorPane": {
      "splitBorder": "separatorColor"
    },
    "EditorTabs": {
      "background": "primaryBackground",
      "hoverBackground": "primaryBackground",
      "inactiveHoverBackground": "red",
      "inactiveUnderlineColor": "lavender",
      "underTabsBorderColor": "separatorColor",
      "underlineArc": 4,
      "underlineColor": "accentColor",
      "underlineHeight": 1,
      "underlinedTabBackground": "panelBackground",
      "unselectedBlend": 0.7
    },
    "FileColor": {
      "Blue": "#d0dcf5",
      "Green": "#d5e5d7",
      "Orange": "#f1dcd2",
      "Rose": "#ebcfd9",
      "Violet": "#dce1f6",
      "Yellow": "#ede2d5"
    },
    "Label": {
      "background": "panelBackground",
      "selectedForeground": "selectionBackground"
    },
    "Link": {
      "activeForeground": "accentColor",
      "hoverForeground": "accentColor",
      "pressedForeground": "secondaryAccentColor",
      "visitedForeground": "secondaryAccentColor"
    },
    "List": {
      "Button": {
        "leftRightInset": 8,
        "separatorInset": 4
      },
      "background": "panelBackground",
      "border": "4,0,4,0",
      "hoverBackground": "hoverBackground",
      "rowHeight": "24",
      "selectionInactiveBackground": "#CCD0DA"
    },
    "MainToolbar": {
      "Dropdown": {
        "hoverBackground": "hoverBackground",
        "maxWidth": 350,
        "pressedBackground": "hoverBackground"
      },
      "Icon": {
        "hoverBackground": "hoverBackground",
        "insets": "5,5,5,5",
        "pressedBackground": "hoverBackground"
      },
      "background": "crust",
      "inactiveBackground": "panelBackground"
    },
    "MainWindow": {
      "Tab": {
        "background": "panelBackground",
        "borderColor": "panelBackground",
        "foreground": "#9ea0af",
        "hoverBackground": "#e9ebf1",
        "hoverForeground": "#9ea0af",
        "selectedBackground": "primaryBackground",
        "selectedForeground": "primaryForeground",
        "selectedInactiveBackground": "panelBackground",
        "separatorColor": "panelBackground"
      }
    },
    "MemoryIndicator": {
      "allocatedBackground": "surface0",
      "usedBackground": "surface1"
    },
    "Notification": {
      "ToolWindow": {
        "errorBackground": "primaryBackground",
        "errorBorderColor": "red",
        "errorForeground": "primaryForeground",
        "informativeBackground": "primaryBackground",
        "informativeBorderColor": "secondaryAccentColor",
        "informativeForeground": "primaryForeground",
        "warningBackground": "primaryBackground",
        "warningBorderColor": "peach",
        "warningForeground": "primaryForeground"
      },
      "background": "panelBackground",
      "borderColor": "borderColor",
      "errorBackground": "primaryBackground",
      "errorBorderColor": "red",
      "errorForeground": "primaryForeground"
    },
    "NotificationsToolwindow": {
      "newNotification": {
        "background": "primaryBackground",
        "hoverBackground": "hoverBackground"
      }
    },
    "Panel": {
      "background": "panelBackground"
    },
    "PasswordField": {
      "background": "secondaryBackground"
    },
    "Plugins": {
      "Button": {
        "installBackground": "primaryBackground",
        "installBorderColor": "secondaryAccentColor",
        "installFillBackground": "secondaryAccentColor",
        "installFillForeground": "primaryBackground",
        "installFocusedBackground": "primaryBackground",
        "installForeground": "secondaryAccentColor",
        "updateBackground": "accentColor",
        "updateBorderColor": "accentColor",
        "updateForeground": "primaryBackground"
      },
      "SearchField": {
        "background": "panelBackground"
      },
      "SectionHeader": {
        "foreground": "primaryForeground"
      },
      "Tab": {
        "hoverBackground": "hoverBackground",
        "selectedBackground": "selectionBackground",
        "selectedForeground": "primaryForeground"
      },
      "borderColor": "borderColor",
      "hoverBackground": "hoverBackground",
      "lightSelectionBackground": "selectionBackground",
      "tagBackground": "panelBackground"
    },
    "Popup": {
      "Advertiser": {
        "background": "panelBackground",
        "fontSizeOffset": -1,
        "foreground": "text"
      },
      "Header": {
        "activeBackground": "panelBackground",
        "inactiveBackground": "panelBackground"
      },
      "borderColor": "separatorColor",
      "borderWidth": 1,
      "inactiveBorderColor": "separatorColor",
      "paintBorder": true
    },
    "ProgressBar": {
      "failedColor": "red",
      "failedEndColor": "maroon",
      "indeterminateEndColor": "secondaryAccentColor",
      "indeterminateStartColor": "accentColor",
      "passedColor": "green",
      "passedEndColor": "teal",
      "progressColor": "accentColor",
      "trackColor": "selectionBackground"
    },
    "RadioButton": {
      "background": "panelBackground"
    },
    "RunWidget": {
      "background": "secondaryBackground",
      "foreground": "text",
      "iconColor": "primaryForeground",
      "pressedBackground": "green",
      "separatorColor": "separatorColor",
      "stopBackground": "red"
    },
    "ScrollBar": {
      "Mac": {
        "Transparent": {
          "hoverThumbColor": "secondaryAccentColor"
        },
        "hoverThumbColor": "secondaryAccentColor"
      }
    },
    "SearchEverywhere": {
      "SearchField": {
        "background": "secondaryBackground"
      },
      "Tab": {
        "selectedBackground": "secondaryBackground",
        "selectedForeground": "primaryForeground"
      }
    },
    "SearchMatch": {
      "endBackground": "#bc95f2",
      "startBackground": "#bc95f2"
    },
    "SegmentedButton": {
      "focusedSelectedButtonColor": "secondaryBackground",
      "selectedButtonColor": "secondaryBackground",
      "selectedEndBorderColor": "secondaryBackground",
      "selectedStartBorderColor": "secondaryBackground"
    },
    "Separator": {
      "separatorColor": "separatorColor"
    },
    "SidePanel": {
      "background": "panelBackground"
    },
    "Slider": {
      "background": "panelBackground"
    },
    "StatusBar": {
      "Breadcrumbs": {
        "chevronInset": 0
      },
      "background": "panelBackground",
      "borderColor": "borderColor",
      "hoverBackground": "hoverBackground"
    },
    "TabbedPane": {
      "background": "panelBackground",
      "contentAreaColor": "borderColor",
      "focusColor": "selectionBackground",
      "hoverColor": "hoverBackground",
      "tabHeight": 40,
      "tabSelectionArc": 4,
      "tabSelectionHeight": 1,
      "underlineColor": "accentColor"
    },
    "Table": {
      "gridColor": "hoverBackground",
      "hoverBackground": "selectionBackground",
      "lightSelectionBackground": "secondaryBackground"
    },
    "TableHeader": {
      "bottomSeparatorColor": "primaryBackground"
    },
    "TextArea": {
      "background": "panelBackground"
    },
    "TextField": {
      "background": "secondaryBackground",
      "selectionBackground": "#e1e4ea"
    },
    "ToggleButton": {
      "buttonColor": "primaryForeground",
      "offBackground": "selectionBackground",
      "offForeground": "hoverBackground",
      "onBackground": "green",
      "onForeground": "hoverBackground"
    },
    "ToolBar": {
      "background": "panelBackground",
      "borderHandleColor": "secondaryAccentColor"
    },
    "ToolWindow": {
      "Button": {
        "hoverBackground": "hoverBackground",
        "selectedBackground": "hoverBackground",
        "selectedForeground": "primaryForeground"
      },
      "Header": {
        "background": "panelBackground",
        "borderColor": "borderColor",
        "inactiveBackground": "panelBackground"
      },
      "HeaderTab": {
        "hoverBackground": "surface0",
        "inactiveUnderlineColor": "text",
        "underlineColor": "accentColor",
        "underlineHeight": 1
      },
      "background": "panelBackground"
    },
    "Tree": {
      "background": "panelBackground",
      "border": "4,12,4,12",
      "foreground": "primaryForeground",
      "hoverBackground": "hoverBackground",
      "modifiedItemForeground": "accentColor",
      "rowHeight": 24,
      "selectionBackground": "selectionBackground",
      "selectionInactiveBackground": "selectionBackground"
    },
    "UiDesigner": {
      "Panel.background": "panelBackground",
      "Preview.background": "panelBackground"
    },
    "ValidationTooltip": {
      "errorBackground": "panelBackground",
      "errorBorderColor": "red",
      "warningBackground": "panelBackground",
      "warningBorderColor": "secondaryAccentColor"
    },
    "VersionControl": {
      "FileHistory": {
        "Commit": {
          "selectedBranchBackground": "secondaryBackground"
        }
      },
      "GitLog": {
        "headIconColor": "secondaryAccentColor",
        "localBranchIconColor": "green",
        "otherIconColor": "teal",
        "remoteBranchIconColor": "secondaryAccentColor",
        "tagIconColor": "accentColor"
      },
      "Log": {
        "Commit": {
          "currentBranchBackground": "panelBackground",
          "hoveredBackground": "hoverBackground",
          "selectionInactiveBackground": "selectionInactiveBackground"
        }
      },
      "RefLabel": {
        "foreground": "primaryForeground"
      }
    },
    "WelcomeScreen": {
      "Projects": {
        "actions": {
          "background": "hoverBackground"
        },
        "background": "hoverBackground",
        "selectionBackground": "secondaryBackground",
        "selectionInactiveBackground": "secondaryBackground"
      },
      "SidePanel": {
        "background": "panelBackground"
      },
      "separatorColor": "separatorColor"
    }
  },
  "icons": {
    "ColorPalette": {
      "Actions.Blue": "#1E66F5",
      "Actions.Green": "#40A02B",
      "Actions.Grey": "#9CA0B0",
      "Actions.GreyInline": "#1E66F5",
      "Actions.GreyInline.Dark": "#1E66F5",
      "Actions.Red": "#D20F39",
      "Actions.Yellow": "#DF8E1D",
      "Objects.BlackText": "#CCD0DA",
      "Objects.Blue": "#1E66F5",
      "Objects.Green": "#40A02B",
      "Objects.Grey": "#9CA0B0",
      "Objects.Pink": "#EA76CB",
      "Objects.Purple": "#8839EF",
      "Objects.Red": "#D20F39",
      "Objects.RedStatus": "#D20F39",
      "Objects.Yellow": "#DF8E1D",
      "Objects.YellowDark": "#DD7878",
      "Checkbox.Background.Default": "#CCD0DA",
      "Checkbox.Background.Default.Dark": "#CCD0DA",
      "Checkbox.Background.Disabled": "#CCD0DA",
      "Checkbox.Background.Disabled.Dark": "#CCD0DA",
      "Checkbox.Background.Selected": "#9CA0B0",
      "Checkbox.Background.Selected.Dark": "#BCC0CC",
      "Checkbox.Border.Default": "#CCD0DA",
      "Checkbox.Border.Disabled": "#CCD0DA",
      "Checkbox.Border.Selected": "#CCD0DA",
      "Checkbox.Foreground.Disabled": "#9CA0B0",
      "Checkbox.Foreground.Disabled.Dark": "#9CA0B0",
      "Checkbox.Foreground.Selected": "#8839EF",
      "Checkbox.Foreground.Selected.Dark": "#8839EF",
      "Tree.iconColor": "#4C4F69"
    }
  }
}