{
  "name": "Catppuccin Mocha",
  "dark": true,
  "author": "Catppuccin Org <releases@catppuccin.com>",
  "editorScheme": "/themes/mocha.xml",
  "colors": {
    "rosewater": "#F5E0DC",
    "flamingo": "#F2CDCD",
    "mauve": "#CBA6F7",
    "pink": "#F5C2E7",
    "maroon": "#EBA0AC",
    "red": "#F38BA8",
    "peach": "#FAB387",
    "yellow": "#F9E2AF",
    "green": "#A6E3A1",
    "teal": "#94E2D5",
    "blue": "#89B4FA",
    "sky": "#89DCEB",
    "sapphire": "#74C7EC",
    "lavender": "#B4BEFE",
    "crust": "#11111B",
    "mantle": "#181825",
    "base": "#1E1E2E",
    "surface0": "#313244",
    "surface1": "#45475A",
    "surface2": "#585B70",
    "overlay0": "#6C7086",
    "overlay1": "#7F849C",
    "overlay2": "#9399B2",
    "text": "#CDD6F4",
    "subtext0": "#A6ADC8",
    "subtext1": "#BAC2DE",
    "accentColor": "#CBA6F7",
    "secondaryAccentColor": "#F9E2AF",
    "primaryForeground": "#CDD6F4",
    "primaryBackground": "#1E1E2E",
    "secondaryBackground": "#313244",
    "panelBackground": "#181825",
    "hoverBackground": "#313244",
    "selectionBackground": "#313244",
    "selectionInactiveBackground": "#1E1E2E",
    "borderColor": "#1E1E2E",
    "separatorColor": "#313244"
  },
  "ui": {
    "*": {
      "arc": "7",
      "background": "primaryBackground",
      "borderColor": "borderColor",
      "disabledBackground": "primaryBackground",
      "foreground": "primaryForeground",
      "inactiveBackground": "primaryBackground",
      "selectionBackground": "selectionBackground",
      "selectionForeground": "primaryForeground",
      "selectionInactiveBackground": "selectionInactiveBackground",
      "selectionInactiveForeground": "primaryForeground",
      "separatorColor": "separatorColor"
    },
    "ActionButton": {
      "hoverBackground": "hoverBackground",
      "hoverBorderColor": "hoverBackground",
      "pressedBackground": "selectionBackground",
      "pressedBorderColor": "selectionBackground"
    },
    "Banner": {
      "errorBackground": "#33293a",
      "errorBorderColor": "#3e2e40",
      "errorForeground": "primaryForeground",
      "informativeBackground": "#292d42",
      "informativeBorderColor": "#2e354d",
      "informativeForeground": "primaryForeground",
      "warningBackground": "#342d37",
      "warningBorderColor": "#3f343b",
      "warningForeground": "primaryForeground"
    },
    "Bookmark": {
      "Mnemonic": {
        "iconBackground": "secondaryBackground",
        "iconBorderColor": "accentColor",
        "iconForeground": "primaryForeground"
      },
      "MnemonicAssigned": {
        "background": "secondaryBackground",
        "borderColor": "secondaryAccentColor",
        "foreground": "primaryForeground"
      },
      "MnemonicAvailable": {},
      "MnemonicCurrent": {
        "background": "selectionBackground",
        "borderColor": "accentColor",
        "foreground": "primaryForeground"
      },
      "iconBackground": "accentColor"
    },
    "Borders": {
      "ContrastBorderColor": "separatorColor",
      "color": "borderColor"
    },
    "Button": {
      "background": "panelBackground",
      "default": {
        "endBackground": "accentColor",
        "endBorderColor": "accentColor",
        "focusColor": "accentColor",
        "focusedBorderColor": "accentColor",
        "foreground": "crust",
        "startBackground": "accentColor",
        "startBorderColor": "accentColor"
      },
      "disabledBorderColor": "secondaryBackground",
      "endBackground": "secondaryBackground",
      "endBorderColor": "secondaryBackground",
      "focusedBorderColor": "secondaryBackground",
      "foreground": "primaryForeground",
      "startBackground": "secondaryBackground",
      "startBorderColor": "secondaryBackground"
    },
    "CheckBox": {
      "background": "panelBackground"
    },
    "ComboBox": {
      "ArrowButton": {
        "background": "secondaryBackground",
        "disabledIconColor": "lavender",
        "iconColor": "accentColor",
        "nonEditableBackground": "secondaryBackground"
      },
      "modifiedItemForeground": "accentColor",
      "nonEditableBackground": "secondaryBackground",
      "selectionBackground": "selectionBackground"
    },
    "CompletionPopup": {
      "matchForeground": "accentColor",
      "selectionBackground": "surface1",
      "selectionInactiveBackground": "surface1"
    },
    "Component": {
      "borderColor": "borderColor",
      "disabledBorderColor": "selectionBackground",
      "errorFocusColor": "red",
      "focusColor": "accentColor",
      "focusedBorderColor": "selectionBackground",
      "iconColor": "primaryForeground",
      "inactiveErrorFocusColor": "red",
      "inactiveWarningFocusColor": "yellow",
      "warningFocusColor": "yellow",
      "infoForeground": "subtext0"
    },
    "Counter": {
      "background": "accentColor",
      "foreground": "primaryBackground"
    },
    "DefaultTabs": {
      "background": "panelBackground",
      "hoverBackground": "primaryBackground",
      "underlinedTabBackground": "panelBackground"
    },
    "DragAndDrop": {
      "borderColor": "selectionBackground"
    },
    "Editor": {
      "Toolbar": {
        "borderColor": "separatorColor"
      },
      "background": "primaryBackground",
      "shortcutForeground": "accentColor"
    },
    "EditorPane": {
      "splitBorder": "separatorColor"
    },
    "EditorTabs": {
      "background": "primaryBackground",
      "hoverBackground": "primaryBackground",
      "inactiveHoverBackground": "red",
      "inactiveUnderlineColor": "lavender",
      "underTabsBorderColor": "separatorColor",
      "underlineArc": 4,
      "underlineColor": "accentColor",
      "underlineHeight": 1,
      "underlinedTabBackground": "panelBackground",
      "unselectedBlend": 0.7
    },
    "FileColor": {
      "Blue": "#333c57",
      "Green": "#394545",
      "Orange": "#4a3c40",
      "Rose": "#493446",
      "Violet": "#3c3e58",
      "Yellow": "#4a4548"
    },
    "Label": {
      "background": "panelBackground",
      "selectedForeground": "selectionBackground"
    },
    "Link": {
      "activeForeground": "accentColor",
      "hoverForeground": "accentColor",
      "pressedForeground": "secondaryAccentColor",
      "visitedForeground": "secondaryAccentColor"
    },
    "List": {
      "Button": {
        "leftRightInset": 8,
        "separatorInset": 4
      },
      "background": "panelBackground",
      "border": "4,0,4,0",
      "hoverBackground": "hoverBackground",
      "rowHeight": "24",
      "selectionInactiveBackground": "#1E1E2E"
    },
    "MainToolbar": {
      "Dropdown": {
        "hoverBackground": "hoverBackground",
        "maxWidth": 350,
        "pressedBackground": "hoverBackground"
      },
      "Icon": {
        "hoverBackground": "hoverBackground",
        "insets": "5,5,5,5",
        "pressedBackground": "hoverBackground"
      },
      "background": "crust",
      "inactiveBackground": "panelBackground"
    },
    "MainWindow": {
      "Tab": {
        "background": "panelBackground",
        "borderColor": "panelBackground",
        "foreground": "#767a91",
        "hoverBackground": "#1a1a28",
        "hoverForeground": "#767a91",
        "selectedBackground": "primaryBackground",
        "selectedForeground": "primaryForeground",
        "selectedInactiveBackground": "panelBackground",
        "separatorColor": "panelBackground"
      }
    },
    "MemoryIndicator": {
      "allocatedBackground": "surface0",
      "usedBackground": "surface1"
    },
    "Notification": {
      "ToolWindow": {
        "errorBackground": "primaryBackground",
        "errorBorderColor": "red",
        "errorForeground": "primaryForeground",
        "informativeBackground": "primaryBackground",
        "informativeBorderColor": "secondaryAccentColor",
        "informativeForeground": "primaryForeground",
        "warningBackground": "primaryBackground",
        "warningBorderColor": "peach",
        "warningForeground": "primaryForeground"
      },
      "background": "panelBackground",
      "borderColor": "borderColor",
      "errorBackground": "primaryBackground",
      "errorBorderColor": "red",
      "errorForeground": "primaryForeground"
    },
    "NotificationsToolwindow": {
      "newNotification": {
        "background": "primaryBackground",
        "hoverBackground": "hoverBackground"
      }
    },
    "Panel": {
      "background": "panelBackground"
    },
    "PasswordField": {
      "background": "secondaryBackground"
    },
    "Plugins": {
      "Button": {
        "installBackground": "primaryBackground",
        "installBorderColor": "secondaryAccentColor",
        "installFillBackground": "secondaryAccentColor",
        "installFillForeground": "primaryBackground",
        "installFocusedBackground": "primaryBackground",
        "installForeground": "secondaryAccentColor",
        "updateBackground": "accentColor",
        "updateBorderColor": "accentColor",
        "updateForeground": "primaryBackground"
      },
      "SearchField": {
        "background": "panelBackground"
      },
      "SectionHeader": {
        "foreground": "primaryForeground"
      },
      "Tab": {
        "hoverBackground": "hoverBackground",
        "selectedBackground": "selectionBackground",
        "selectedForeground": "primaryForeground"
      },
      "borderColor": "borderColor",
      "hoverBackground": "hoverBackground",
      "lightSelectionBackground": "selectionBackground",
      "tagBackground": "panelBackground"
    },
    "Popup": {
      "Advertiser": {
        "background": "panelBackground",
        "fontSizeOffset": -1,
        "foreground": "text"
      },
      "Header": {
        "activeBackground": "panelBackground",
        "inactiveBackground": "panelBackground"
      },
      "borderColor": "separatorColor",
      "borderWidth": 1,
      "inactiveBorderColor": "separatorColor",
      "paintBorder": true
    },
    "ProgressBar": {
      "failedColor": "red",
      "failedEndColor": "maroon",
      "indeterminateEndColor": "secondaryAccentColor",
      "indeterminateStartColor": "accentColor",
      "passedColor": "green",
      "passedEndColor": "teal",
      "progressColor": "accentColor",
      "trackColor": "selectionBackground"
    },
    "RadioButton": {
      "background": "panelBackground"
    },
    "RunWidget": {
      "background": "secondaryBackground",
      "foreground": "text",
      "iconColor": "primaryForeground",
      "pressedBackground": "green",
      "separatorColor": "separatorColor",
      "stopBackground": "red"
    },
    "ScrollBar": {
      "Mac": {
        "Transparent": {
          "hoverThumbColor": "secondaryAccentColor"
        },
        "hoverThumbColor": "secondaryAccentColor"
      }
    },
    "SearchEverywhere": {
      "SearchField": {
        "background": "secondaryBackground"
      },
      "Tab": {
        "selectedBackground": "secondaryBackground",
        "selectedForeground": "primaryForeground"
      }
    },
    "SearchMatch": {
      "endBackground": "#CBA6F7",
      "startBackground": "#CBA6F7"
    },
    "SegmentedButton": {
      "focusedSelectedButtonColor": "secondaryBackground",
      "selectedButtonColor": "secondaryBackground",
      "selectedEndBorderColor": "secondaryBackground",
      "selectedStartBorderColor": "secondaryBackground"
    },
    "Separator": {
      "separatorColor": "separatorColor"
    },
    "SidePanel": {
      "background": "panelBackground"
    },
    "Slider": {
      "background": "panelBackground"
    },
    "StatusBar": {
      "Breadcrumbs": {
        "chevronInset": 0
      },
      "background": "panelBackground",
      "borderColor": "borderColor",
      "hoverBackground": "hoverBackground"
    },
    "TabbedPane": {
      "background": "panelBackground",
      "contentAreaColor": "borderColor",
      "focusColor": "selectionBackground",
      "hoverColor": "hoverBackground",
      "tabHeight": 40,
      "tabSelectionArc": 4,
      "tabSelectionHeight": 1,
      "underlineColor": "accentColor"
    },
    "Table": {
      "gridColor": "hoverBackground",
      "hoverBackground": "selectionBackground",
      "lightSelectionBackground": "secondaryBackground"
    },
    "TableHeader": {
      "bottomSeparatorColor": "primaryBackground"
    },
    "TextArea": {
      "background": "panelBackground"
    },
    "TextField": {
      "background": "secondaryBackground",
      "selectionBackground": "#585B70"
    },
    "ToggleButton": {
      "buttonColor": "primaryForeground",
      "offBackground": "selectionBackground",
      "offForeground": "hoverBackground",
      "onBackground": "green",
      "onForeground": "hoverBackground"
    },
    "ToolBar": {
      "background": "panelBackground",
      "borderHandleColor": "secondaryAccentColor"
    },
    "ToolWindow": {
      "Button": {
        "hoverBackground": "hoverBackground",
        "selectedBackground": "hoverBackground",
        "selectedForeground": "primaryForeground"
      },
      "Header": {
        "background": "panelBackground",
        "borderColor": "borderColor",
        "inactiveBackground": "panelBackground"
      },
      "HeaderTab": {
        "hoverBackground": "surface0",
        "inactiveUnderlineColor": "text",
        "underlineColor": "accentColor",
        "underlineHeight": 1
      },
      "background": "panelBackground"
    },
    "Tree": {
      "background": "panelBackground",
      "border": "4,12,4,12",
      "foreground": "primaryForeground",
      "hoverBackground": "hoverBackground",
      "modifiedItemForeground": "accentColor",
      "rowHeight": 24,
      "selectionBackground": "selectionBackground",
      "selectionInactiveBackground": "selectionBackground"
    },
    "UiDesigner": {
      "Panel.background": "panelBackground",
      "Preview.background": "panelBackground"
    },
    "ValidationTooltip": {
      "errorBackground": "panelBackground",
      "errorBorderColor": "red",
      "warningBackground": "panelBackground",
      "warningBorderColor": "secondaryAccentColor"
    },
    "VersionControl": {
      "FileHistory": {
        "Commit": {
          "selectedBranchBackground": "secondaryBackground"
        }
      },
      "GitLog": {
        "headIconColor": "secondaryAccentColor",
        "localBranchIconColor": "green",
        "otherIconColor": "teal",
        "remoteBranchIconColor": "secondaryAccentColor",
        "tagIconColor": "accentColor"
      },
      "Log": {
        "Commit": {
          "currentBranchBackground": "panelBackground",
          "hoveredBackground": "hoverBackground",
          "selectionInactiveBackground": "selectionInactiveBackground"
        }
      },
      "RefLabel": {
        "foreground": "primaryForeground"
      }
    },
    "WelcomeScreen": {
      "Projects": {
        "actions": {
          "background": "hoverBackground"
        },
        "background": "hoverBackground",
        "selectionBackground": "secondaryBackground",
        "selectionInactiveBackground": "secondaryBackground"
      },
      "SidePanel": {
        "background": "panelBackground"
      },
      "separatorColor": "separatorColor"
    }
  },
  "icons": {
    "ColorPalette": {
      "Actions.Blue": "#89B4FA",
      "Actions.Green": "#A6E3A1",
      "Actions.Grey": "#6C7086",
      "Actions.GreyInline": "#89B4FA",
      "Actions.GreyInline.Dark": "#89B4FA",
      "Actions.Red": "#F38BA8",
      "Actions.Yellow": "#F9E2AF",
      "Objects.BlackText": "#313244",
      "Objects.Blue": "#89B4FA",
      "Objects.Green": "#A6E3A1",
      "Objects.Grey": "#6C7086",
      "Objects.Pink": "#F5C2E7",
      "Objects.Purple": "#CBA6F7",
      "Objects.Red": "#F38BA8",
      "Objects.RedStatus": "#F38BA8",
      "Objects.Yellow": "#F9E2AF",
      "Objects.YellowDark": "#F2CDCD",
      "Checkbox.Background.Default": "#313244",
      "Checkbox.Background.Default.Dark": "#313244",
      "Checkbox.Background.Disabled": "#313244",
      "Checkbox.Background.Disabled.Dark": "#313244",
      "Checkbox.Background.Selected": "#6C7086",
      "Checkbox.Background.Selected.Dark": "#45475A",
      "Checkbox.Border.Default": "#313244",
      "Checkbox.Border.Disabled": "#313244",
      "Checkbox.Border.Selected": "#313244",
      "Checkbox.Foreground.Disabled": "#6C7086",
      "Checkbox.Foreground.Disabled.Dark": "#6C7086",
      "Checkbox.Foreground.Selected": "#CBA6F7",
      "Checkbox.Foreground.Selected.Dark": "#CBA6F7",
      "Tree.iconColor": "#CDD6F4"
    }
  }
}